{
  "_fv": 18,
  "_type": "armor",
  "definition": {
    "enableHelmet": true,
    "textureHelmet": "frame",
    "enableBody": true,
    "textureBody": "captain",
    "enableLeggings": true,
    "textureLeggings": "pants",
    "enableBoots": true,
    "textureBoots": "boots",
    "creativeTab": {
      "value": "COMBAT"
    },
    "armorTextureFile": "sta",
    "helmetName": "Captain Helmet",
    "bodyName": "Captain Chestplate",
    "leggingsName": "Captain Leggings",
    "bootsName": "Captain Boots",
    "helmetSpecialInfo": [],
    "bodySpecialInfo": [],
    "leggingsSpecialInfo": [],
    "bootsSpecialInfo": [],
    "helmetModelName": "Default",
    "helmetModelPart": "Helmet",
    "helmetModelTexture": "From armor",
    "bodyModelName": "Default",
    "bodyModelPart": "Body",
    "armsModelPartL": "Arms L",
    "armsModelPartR": "Arms R",
    "bodyModelTexture": "From armor",
    "leggingsModelName": "Default",
    "leggingsModelPartL": "Leggings L",
    "leggingsModelPartR": "Leggings R",
    "leggingsModelTexture": "From armor",
    "bootsModelName": "Default",
    "bootsModelPartL": "Boots L",
    "bootsModelPartR": "Boots R",
    "bootsModelTexture": "From armor",
    "maxDamage": 25,
    "damageValueHelmet": 2,
    "damageValueBody": 6,
    "damageValueLeggings": 4,
    "damageValueBoots": 4,
    "enchantability": 10,
    "toughness": 0.5,
    "knockbackResistance": 0.0,
    "equipSound": {
      "value": "block.end_portal_frame.fill"
    },
    "repairItems": [
      {
        "value": "Blocks.WARPED_STEM"
      }
    ]
  }
}