{
  "_fv": 18,
  "_type": "dimension",
  "definition": {
    "biomesInDimension": [
      {
        "value": "mountains"
      },
      {
        "value": "river"
      }
    ],
    "worldGenType": "Normal world gen",
    "mainFillerBlock": {
      "value": "CUSTOM:RedonionBlock"
    },
    "fluidBlock": {
      "value": "Blocks.WARPED_STEM"
    },
    "canRespawnHere": true,
    "hasFog": false,
    "isDark": false,
    "doesWaterVaporize": false,
    "sleepResult": "ALLOW",
    "hasSkyLight": false,
    "imitateOverworldBehaviour": false,
    "portalFrame": {
      "value": "CUSTOM:FruitBlock"
    },
    "portalParticles": {
      "value": "WATER_DROP"
    },
    "portalLuminance": 1,
    "portalSound": {
      "value": "block.portal.ambient"
    },
    "igniterName": "Koppai Charm",
    "igniterTab": {
      "value": "TOOLS"
    },
    "texture": "igniter",
    "portalTexture": "fruit",
    "enablePortal": true
  }
}