{
  "group": "pikmin_x_minecraft",
  "type": "minecraft:crafting_shaped",
  "pattern": [
    " 1 ",
    "345",
    " 7 "
  ],
  "key": {
    "1": {
      "item": "pikmin_x_minecraft:fruit_block"
    },
    "3": {
      "item": "pikmin_x_minecraft:fruit_block"
    },
    "4": {
      "item": "pikmin_x_minecraft:redonion"
    },
    "5": {
      "item": "pikmin_x_minecraft:fruit_block"
    },
    "7": {
      "item": "pikmin_x_minecraft:fruit_block"
    }
  },
  "result": {
    "item": "pikmin_x_minecraft:koppai",
    "count": 1
  }
}